date,symbol,name,close,volume,turnover,pct_change,vol_ratio_20,knee_score,knee_grade,knee_reasons,knee_confirmed,shoulder_score,shoulder_grade,shoulder_reasons,shoulder_confirmed,analysis_date,run_at
20260529,017670,SK텔레콤,100600,1964174,196334573650,3.82,1.68,100,Strong,종가 반등 | MACD 개선 | 거래량 증가 | 20일선 회복 | 20일선 상회 추세 | 상승 탄력 확대,1,5,Neutral,거래량 이상,0,20260529,2026-05-31T05:10:37
20260529,086280,현대글로비스,242500,918380,222014913500,4.08,1.57,100,Strong,종가 반등 | MACD 개선 | 거래량 증가 | 20일선 회복 | 20일선 상회 추세 | 상승 탄력 확대,1,5,Neutral,거래량 이상,0,20260529,2026-05-31T05:10:37
20260529,030520,한글과컴퓨터,20400,299060,6082520020,5.7,2.0,90,Strong,종가 반등 | MACD 개선 | 거래량 증가 | 20일선 회복 | 상승 탄력 확대,1,25,Neutral,최근 20일 고점권 | 거래량 이상,0,20260529,2026-05-31T05:10:37
20260529,032640,LG유플러스,16130,4207686,68057012800,7.03,3.2,90,Strong,종가 반등 | MACD 개선 | 거래량 증가 | 20일선 회복 | 상승 탄력 확대,1,25,Neutral,최근 20일 고점권 | 거래량 이상,0,20260529,2026-05-31T05:10:37
20260529,035420,NAVER,234000,7569228,1768114957750,14.15,5.59,90,Strong,종가 반등 | MACD 개선 | 거래량 증가 | 20일선 회복 | 상승 탄력 확대,1,25,Neutral,최근 20일 고점권 | 거래량 이상,0,20260529,2026-05-31T05:10:37
20260529,000150,두산,1972000,232697,439804956500,18.8,2.43,80,Strong,종가 반등 | MACD 개선 | 거래량 증가 | 20일선 상회 추세 | 상승 탄력 확대,0,25,Neutral,최근 20일 고점권 | 거래량 이상,0,20260529,2026-05-31T05:10:37
20260529,003550,LG,146600,6182816,845702034600,26.6,6.01,80,Strong,종가 반등 | MACD 개선 | 거래량 증가 | 20일선 상회 추세 | 상승 탄력 확대,0,25,Neutral,최근 20일 고점권 | 거래량 이상,0,20260529,2026-05-31T05:10:37
20260529,009150,삼성전기,2127000,2960769,6183900470459,15.04,2.22,80,Strong,종가 반등 | MACD 개선 | 거래량 증가 | 20일선 상회 추세 | 상승 탄력 확대,0,25,Neutral,최근 20일 고점권 | 거래량 이상,0,20260529,2026-05-31T05:10:37
20260529,011070,LG이노텍,1458000,1402802,1882041690500,28.57,3.11,80,Strong,종가 반등 | MACD 개선 | 거래량 증가 | 20일선 상회 추세 | 상승 탄력 확대,0,25,Neutral,최근 20일 고점권 | 거래량 이상,0,20260529,2026-05-31T05:10:37
20260529,012330,현대모비스,768000,1963281,1482334373500,11.95,1.91,80,Strong,종가 반등 | MACD 개선 | 거래량 증가 | 20일선 상회 추세 | 상승 탄력 확대,0,25,Neutral,최근 20일 고점권 | 거래량 이상,0,20260529,2026-05-31T05:10:37
20260529,018260,삼성에스디에스,299000,3883357,1156774326250,20.32,4.37,80,Strong,종가 반등 | MACD 개선 | 거래량 증가 | 20일선 상회 추세 | 상승 탄력 확대,0,25,Neutral,최근 20일 고점권 | 거래량 이상,0,20260529,2026-05-31T05:10:37
20260529,018880,한온시스템,5630,84560998,474962367330,10.39,1.72,80,Strong,종가 반등 | MACD 개선 | 거래량 증가 | 20일선 상회 추세 | 상승 탄력 확대,0,25,Neutral,최근 20일 고점권 | 거래량 이상,0,20260529,2026-05-31T05:10:37
20260529,034220,LG디스플레이,16090,60260628,959682377555,11.58,3.76,80,Strong,종가 반등 | MACD 개선 | 거래량 증가 | 20일선 상회 추세 | 상승 탄력 확대,0,25,Neutral,최근 20일 고점권 | 거래량 이상,0,20260529,2026-05-31T05:10:37
20260529,066570,LG전자,293000,9128469,2548238985250,29.93,2.24,80,Strong,종가 반등 | MACD 개선 | 거래량 증가 | 20일선 상회 추세 | 상승 탄력 확대,0,25,Neutral,최근 20일 고점권 | 거래량 이상,0,20260529,2026-05-31T05:10:37
20260529,161390,한국타이어앤테크놀로지,66800,1499116,99068072550,6.03,2.67,80,Strong,종가 반등 | MACD 개선 | 거래량 증가 | 20일선 상회 추세 | 상승 탄력 확대,0,25,Neutral,최근 20일 고점권 | 거래량 이상,0,20260529,2026-05-31T05:10:37
20260529,373220,LG에너지솔루션,458000,1287237,584054201250,3.62,2.35,80,Strong,종가 반등 | MACD 개선 | 거래량 증가 | 20일선 상회 추세 | 상승 탄력 확대,0,5,Neutral,거래량 이상,0,20260529,2026-05-31T05:10:37
20260529,005830,DB손해보험,143100,862160,121036948050,1.42,3.07,75,Watch,최근 20일 저점권 | 종가 반등 | RSI 반등 | MACD 개선 | 거래량 증가,0,5,Neutral,거래량 이상,0,20260529,2026-05-31T05:10:37
20260529,010950,S-Oil,107400,908028,96713434200,0.37,1.6,75,Watch,최근 20일 저점권 | 종가 반등 | RSI 반등 | MACD 개선 | 거래량 증가,0,5,Neutral,거래량 이상,0,20260529,2026-05-31T05:10:37
20260529,035720,카카오,41950,7448112,314429332950,4.61,3.06,75,Watch,종가 반등 | RSI 반등 | MACD 개선 | 거래량 증가 | 상승 탄력 확대,0,5,Neutral,거래량 이상,0,20260529,2026-05-31T05:10:37
20260529,067160,SOOP,50400,251176,12652051900,1.92,3.06,75,Watch,최근 20일 저점권 | 종가 반등 | RSI 반등 | MACD 개선 | 거래량 증가,0,5,Neutral,거래량 이상,0,20260529,2026-05-31T05:10:37
20260529,323410,카카오뱅크,22400,3833200,85361011775,4.67,3.06,75,Watch,종가 반등 | RSI 반등 | MACD 개선 | 거래량 증가 | 상승 탄력 확대,0,5,Neutral,거래량 이상,0,20260529,2026-05-31T05:10:37
20260529,454910,두산로보틱스,106500,1294831,134901795950,6.08,0.58,70,Watch,종가 반등 | MACD 개선 | 20일선 회복 | 20일선 상회 추세,1,0,Neutral,,0,20260529,2026-05-31T05:10:37
20260529,033780,KT&G,184700,634103,116567633050,0.54,1.79,65,Watch,종가 반등 | MACD 개선 | 거래량 증가 | 20일선 상회 추세,0,25,Neutral,최근 20일 고점권 | 거래량 이상,0,20260529,2026-05-31T05:10:37
20260529,006400,삼성SDI,688000,2040080,1399762361500,1.78,2.36,65,Watch,종가 반등 | MACD 개선 | 거래량 증가 | 20일선 상회 추세,0,5,Neutral,거래량 이상,0,20260529,2026-05-31T05:10:37
20260529,022100,포스코DX,32450,1146303,36855401400,5.36,1.77,65,Watch,종가 반등 | MACD 개선 | 거래량 증가 | 상승 탄력 확대,0,5,Neutral,거래량 이상,0,20260529,2026-05-31T05:10:37
20260529,051910,LG화학,367000,935945,336027464500,6.53,2.12,65,Watch,종가 반등 | MACD 개선 | 거래량 증가 | 상승 탄력 확대,0,5,Neutral,거래량 이상,0,20260529,2026-05-31T05:10:37
20260529,259960,크래프톤,257500,394129,101023317750,0.78,1.88,65,Watch,최근 20일 저점권 | 종가 반등 | MACD 개선 | 거래량 증가,0,5,Neutral,거래량 이상,0,20260529,2026-05-31T05:10:37
20260529,005380,현대차,723000,3095790,2229985539046,6.79,1.28,60,Neutral,종가 반등 | MACD 개선 | 20일선 상회 추세 | 상승 탄력 확대,0,20,Neutral,최근 20일 고점권,0,20260529,2026-05-31T05:10:37
20260529,005930,삼성전자,317000,37241537,11699639541368,5.84,1.12,60,Neutral,종가 반등 | MACD 개선 | 20일선 상회 추세 | 상승 탄력 확대,0,20,Neutral,최근 20일 고점권,0,20260529,2026-05-31T05:10:37
20260529,032830,삼성생명,388500,789483,299498817250,8.67,1.4,60,Neutral,종가 반등 | MACD 개선 | 20일선 상회 추세 | 상승 탄력 확대,0,20,Neutral,최근 20일 고점권,0,20260529,2026-05-31T05:10:37
20260529,055550,신한지주,93600,2778385,259816940700,0.86,1.96,60,Neutral,최근 20일 저점권 | 종가 반등 | RSI 반등 | 거래량 증가,0,20,Neutral,MACD 둔화 | 거래량 이상,0,20260529,2026-05-31T05:10:37
20260529,000100,유한양행,85000,876213,74160924100,1.67,2.5,60,Neutral,종가 반등 | RSI 반등 | MACD 개선 | 거래량 증가,0,5,Neutral,거래량 이상,0,20260529,2026-05-31T05:10:37
20260529,028260,삼성물산,432500,1049549,450096902500,8.26,1.37,60,Neutral,종가 반등 | MACD 개선 | 20일선 상회 추세 | 상승 탄력 확대,0,0,Neutral,,0,20260529,2026-05-31T05:10:37
20260529,000720,현대건설,147000,1376563,197881442450,3.96,1.29,55,Neutral,종가 반등 | RSI 반등 | MACD 개선 | 상승 탄력 확대,0,0,Neutral,,0,20260529,2026-05-31T05:10:37
20260529,001680,대상,19250,123153,2359762540,0.79,1.05,55,Neutral,최근 20일 저점권 | 종가 반등 | RSI 반등 | MACD 개선,0,0,Neutral,,0,20260529,2026-05-31T05:10:37
20260529,002790,아모레퍼시픽홀딩스,22900,164623,3721271125,0.88,0.98,55,Neutral,최근 20일 저점권 | 종가 반등 | RSI 반등 | MACD 개선,0,0,Neutral,,0,20260529,2026-05-31T05:10:37
20260529,008930,한미사이언스,31750,117776,3729245475,0.16,0.89,55,Neutral,최근 20일 저점권 | 종가 반등 | RSI 반등 | MACD 개선,0,0,Neutral,,0,20260529,2026-05-31T05:10:37
20260529,012630,HDC,22100,141887,3070408600,0.45,0.99,55,Neutral,최근 20일 저점권 | 종가 반등 | RSI 반등 | MACD 개선,0,0,Neutral,,0,20260529,2026-05-31T05:10:37
20260529,030000,제일기획,18460,580965,10710350815,0.82,1.12,55,Neutral,최근 20일 저점권 | 종가 반등 | RSI 반등 | MACD 개선,0,0,Neutral,,0,20260529,2026-05-31T05:10:37
20260529,030200,KT,52800,550164,29314265453,1.73,1.08,55,Neutral,최근 20일 저점권 | 종가 반등 | RSI 반등 | MACD 개선,0,0,Neutral,,0,20260529,2026-05-31T05:10:37
20260529,035760,CJ ENM,39550,125601,4972839550,0.76,1.03,55,Neutral,최근 20일 저점권 | 종가 반등 | RSI 반등 | MACD 개선,0,0,Neutral,,0,20260529,2026-05-31T05:10:37
20260529,047040,대우건설,26200,15513424,405122059075,2.95,1.14,55,Neutral,최근 20일 저점권 | 종가 반등 | RSI 반등 | MACD 개선,0,0,Neutral,,0,20260529,2026-05-31T05:10:37
20260529,112040,위메이드,19540,193484,3722128825,2.84,1.02,55,Neutral,최근 20일 저점권 | 종가 반등 | RSI 반등 | MACD 개선,0,0,Neutral,,0,20260529,2026-05-31T05:10:37
20260529,253450,스튜디오드래곤,26450,129267,3420777850,0.38,1.27,55,Neutral,최근 20일 저점권 | 종가 반등 | RSI 반등 | MACD 개선,0,0,Neutral,,0,20260529,2026-05-31T05:10:37
20260529,267260,HD현대일렉트릭,1053000,275081,287789136000,0.57,1.45,55,Neutral,최근 20일 저점권 | 종가 반등 | RSI 반등 | MACD 개선,0,0,Neutral,,0,20260529,2026-05-31T05:10:37
20260529,293490,카카오게임즈,9500,325883,3101559325,0.21,1.11,55,Neutral,최근 20일 저점권 | 종가 반등 | RSI 반등 | MACD 개선,0,0,Neutral,,0,20260529,2026-05-31T05:10:37
20260529,005940,NH투자증권,30200,2206720,66423942625,-0.82,1.81,50,Neutral,최근 20일 저점권 | MACD 개선 | 거래량 증가,0,20,Neutral,종가 약세 | 거래량 이상,0,20260529,2026-05-31T05:10:37
20260529,047050,포스코인터내셔널,63800,1105387,70243322350,-0.47,1.5,50,Neutral,최근 20일 저점권 | MACD 개선 | 거래량 증가,0,20,Neutral,종가 약세 | 거래량 이상,0,20260529,2026-05-31T05:10:37
20260529,090430,아모레퍼시픽,115100,877733,100695320300,-0.26,2.65,50,Neutral,최근 20일 저점권 | MACD 개선 | 거래량 증가,0,20,Neutral,종가 약세 | 거래량 이상,0,20260529,2026-05-31T05:10:37
20260529,180640,한진칼,110100,2619622,289431677200,1.47,9.93,50,Neutral,최근 20일 저점권 | 종가 반등 | 거래량 증가,0,20,Neutral,MACD 둔화 | 거래량 이상,0,20260529,2026-05-31T05:10:37
20260529,278470,에이피알,395500,552743,216231246850,-1.25,1.58,50,Neutral,최근 20일 저점권 | MACD 개선 | 거래량 증가,0,20,Neutral,종가 약세 | 거래량 이상,0,20260529,2026-05-31T05:10:37
20260529,009540,HD한국조선해양,423000,436889,183731016500,1.93,1.65,50,Neutral,종가 반등 | MACD 개선 | 거래량 증가,0,5,Neutral,거래량 이상,0,20260529,2026-05-31T05:10:37
20260529,068270,셀트리온,192900,1133295,218242492550,1.53,1.52,50,Neutral,종가 반등 | MACD 개선 | 거래량 증가,0,5,Neutral,거래량 이상,0,20260529,2026-05-31T05:10:37
20260529,000660,SK하이닉스,2333000,8518013,19864932227914,1.92,1.45,45,Neutral,종가 반등 | MACD 개선 | 20일선 상회 추세,0,20,Neutral,최근 20일 고점권,0,20260529,2026-05-31T05:10:37
20260529,036570,엔씨소프트,289500,136133,39348782750,1.76,0.85,45,Neutral,종가 반등 | MACD 개선 | 20일선 상회 추세,0,20,Neutral,최근 20일 고점권,0,20260529,2026-05-31T05:10:37
20260529,000270,기아,169200,2545048,430544793750,2.98,1.4,45,Neutral,종가 반등 | MACD 개선 | 20일선 상회 추세,0,0,Neutral,,0,20260529,2026-05-31T05:10:37
20260529,003670,포스코퓨처엠,245500,630103,153446048000,3.15,1.46,45,Neutral,종가 반등 | MACD 개선 | 상승 탄력 확대,0,0,Neutral,,0,20260529,2026-05-31T05:10:37
20260529,005490,POSCO홀딩스,423500,775543,324392505000,0.83,1.2,45,Neutral,최근 20일 저점권 | 종가 반등 | MACD 개선,0,0,Neutral,,0,20260529,2026-05-31T05:10:37
20260529,011210,현대위아,91000,405729,36773240600,3.06,0.91,45,Neutral,종가 반등 | MACD 개선 | 20일선 상회 추세,0,0,Neutral,,0,20260529,2026-05-31T05:10:37
20260529,302440,SK바이오사이언스,40900,235893,9770751875,2.25,1.37,45,Neutral,최근 20일 저점권 | 종가 반등 | MACD 개선,0,0,Neutral,,0,20260529,2026-05-31T05:10:37
20260529,000250,삼천당제약,339000,266642,92697724750,0.3,1.43,40,Neutral,최근 20일 저점권 | 종가 반등 | RSI 반등,0,15,Neutral,MACD 둔화,0,20260529,2026-05-31T05:10:37
20260529,028670,팬오션,5490,2819316,15317019800,0.18,0.67,40,Neutral,최근 20일 저점권 | 종가 반등 | RSI 반등,0,15,Neutral,MACD 둔화,0,20260529,2026-05-31T05:10:37
20260529,105560,KB금융,150600,2006731,302494234350,0.6,1.48,40,Neutral,최근 20일 저점권 | 종가 반등 | RSI 반등,0,15,Neutral,MACD 둔화,0,20260529,2026-05-31T05:10:37
20260529,006360,GS건설,30500,1933379,57096156300,5.9,1.07,40,Neutral,종가 반등 | RSI 반등 | MACD 개선,0,0,Neutral,,0,20260529,2026-05-31T05:10:37
20260529,096770,SK이노베이션,119200,959568,113061074000,1.88,1.07,40,Neutral,종가 반등 | RSI 반등 | MACD 개선,0,0,Neutral,,0,20260529,2026-05-31T05:10:37
20260529,251270,넷마블,42500,275344,11610105850,2.29,0.94,40,Neutral,종가 반등 | RSI 반등 | MACD 개선,0,0,Neutral,,0,20260529,2026-05-31T05:10:37
20260529,377300,카카오페이,46550,390438,18226158500,3.22,0.65,40,Neutral,종가 반등 | RSI 반등 | MACD 개선,0,0,Neutral,,0,20260529,2026-05-31T05:10:37
20260529,011200,HMM,19560,4878532,95181497620,-0.25,2.97,35,Neutral,최근 20일 저점권 | 거래량 증가,0,35,Neutral,종가 약세 | MACD 둔화 | 거래량 이상,0,20260529,2026-05-31T05:10:37
20260529,012450,한화에어로스페이스,1173000,348297,410735646500,-2.25,1.5,35,Neutral,최근 20일 저점권 | 거래량 증가,0,35,Neutral,종가 약세 | MACD 둔화 | 거래량 이상,0,20260529,2026-05-31T05:10:37
20260529,024110,기업은행,20200,4867498,98226458525,-1.22,2.98,35,Neutral,최근 20일 저점권 | 거래량 증가,0,35,Neutral,종가 약세 | MACD 둔화 | 거래량 이상,0,20260529,2026-05-31T05:10:37
20260529,041510,에스엠,79700,270953,21464676200,-1.85,2.21,35,Neutral,최근 20일 저점권 | 거래량 증가,0,35,Neutral,종가 약세 | MACD 둔화 | 거래량 이상,0,20260529,2026-05-31T05:10:37
20260529,064760,티씨케이,265000,123602,31987712500,-3.46,1.65,35,Neutral,최근 20일 저점권 | 거래량 증가,0,35,Neutral,종가 약세 | MACD 둔화 | 거래량 이상,0,20260529,2026-05-31T05:10:37
20260529,069260,TKG휴켐스,16580,743987,12359356685,-1.01,2.88,35,Neutral,최근 20일 저점권 | 거래량 증가,0,35,Neutral,종가 약세 | MACD 둔화 | 거래량 이상,0,20260529,2026-05-31T05:10:37
20260529,071050,한국금융지주,237500,589463,139597895000,-0.42,1.64,35,Neutral,최근 20일 저점권 | 거래량 증가,0,35,Neutral,종가 약세 | MACD 둔화 | 거래량 이상,0,20260529,2026-05-31T05:10:37
20260529,086790,하나금융지주,115100,1532538,176279580950,-0.17,1.58,35,Neutral,최근 20일 저점권 | 거래량 증가,0,35,Neutral,종가 약세 | MACD 둔화 | 거래량 이상,0,20260529,2026-05-31T05:10:37
20260529,114090,GKL,10610,1102501,11672079365,-0.09,2.33,35,Neutral,최근 20일 저점권 | 거래량 증가,0,35,Neutral,종가 약세 | MACD 둔화 | 거래량 이상,0,20260529,2026-05-31T05:10:37
20260529,138040,메리츠금융지주,102900,1165075,119727920250,-0.1,3.24,35,Neutral,최근 20일 저점권 | 거래량 증가,0,35,Neutral,종가 약세 | MACD 둔화 | 거래량 이상,0,20260529,2026-05-31T05:10:37
20260529,138930,BNK금융지주,16820,5179129,87263350275,-1.69,3.61,35,Neutral,최근 20일 저점권 | 거래량 증가,0,35,Neutral,종가 약세 | MACD 둔화 | 거래량 이상,0,20260529,2026-05-31T05:10:37
20260529,139130,iM금융지주,17340,2110501,36697772920,-2.42,2.76,35,Neutral,최근 20일 저점권 | 거래량 증가,0,35,Neutral,종가 약세 | MACD 둔화 | 거래량 이상,0,20260529,2026-05-31T05:10:37
20260529,166090,하나머티리얼즈,64000,512824,33093811850,-7.78,2.11,35,Neutral,최근 20일 저점권 | 거래량 증가,0,35,Neutral,종가 약세 | MACD 둔화 | 거래량 이상,0,20260529,2026-05-31T05:10:37
20260529,175330,JB금융지주,23900,9360056,223745953350,-0.83,9.32,35,Neutral,최근 20일 저점권 | 거래량 증가,0,35,Neutral,종가 약세 | MACD 둔화 | 거래량 이상,0,20260529,2026-05-31T05:10:37
20260529,207940,삼성바이오로직스,1363000,128284,174249057000,-0.73,1.8,35,Neutral,최근 20일 저점권 | 거래량 증가,0,35,Neutral,종가 약세 | MACD 둔화 | 거래량 이상,0,20260529,2026-05-31T05:10:37
20260529,241560,두산밥캣,64700,508879,32974926800,-3.14,1.61,35,Neutral,최근 20일 저점권 | 거래량 증가,0,35,Neutral,종가 약세 | MACD 둔화 | 거래량 이상,0,20260529,2026-05-31T05:10:37
20260529,316140,우리금융지주,29700,5319842,158029520325,-1.16,2.05,35,Neutral,최근 20일 저점권 | 거래량 증가,0,35,Neutral,종가 약세 | MACD 둔화 | 거래량 이상,0,20260529,2026-05-31T05:10:37
20260529,326030,SK바이오팜,89700,4645971,418168048350,-4.06,9.69,35,Neutral,최근 20일 저점권 | 거래량 증가,0,35,Neutral,종가 약세 | MACD 둔화 | 거래량 이상,0,20260529,2026-05-31T05:10:37
20260529,352820,하이브,220000,816159,178190170250,-1.57,2.44,35,Neutral,최근 20일 저점권 | 거래량 증가,0,35,Neutral,종가 약세 | MACD 둔화 | 거래량 이상,0,20260529,2026-05-31T05:10:37
20260529,247540,에코프로비엠,217000,1318811,284566656250,-0.69,1.69,35,Neutral,MACD 개선 | 거래량 증가,0,20,Neutral,종가 약세 | 거래량 이상,0,20260529,2026-05-31T05:10:37
20260529,000810,삼성화재,569000,231070,130701219000,1.61,1.09,30,Neutral,종가 반등 | 20일선 상회 추세,0,35,Neutral,최근 20일 고점권 | MACD 둔화,0,20260529,2026-05-31T05:10:37
20260529,034730,SK,676000,414448,281523253000,1.81,1.37,30,Neutral,종가 반등 | 20일선 상회 추세,0,35,Neutral,최근 20일 고점권 | MACD 둔화,0,20260529,2026-05-31T05:10:37
20260529,204320,HL만도,62100,884253,55395912700,0.65,1.1,30,Neutral,종가 반등 | 20일선 상회 추세,0,35,Neutral,최근 20일 고점권 | MACD 둔화,0,20260529,2026-05-31T05:10:37
20260529,128940,한미약품,491000,147040,72699455750,1.13,1.1,30,Neutral,종가 반등 | MACD 개선,0,20,Neutral,최근 20일 고점권,0,20260529,2026-05-31T05:10:37
20260529,000210,DL,54300,146736,7725002650,-0.91,0.92,30,Neutral,최근 20일 저점권 | MACD 개선,0,15,Neutral,종가 약세,0,20260529,2026-05-31T05:10:37
20260529,001040,CJ,161700,143023,23181240100,-1.76,0.74,30,Neutral,최근 20일 저점권 | MACD 개선,0,15,Neutral,종가 약세,0,20260529,2026-05-31T05:10:37
20260529,003620,KG모빌리티,3405,1858597,6261782754,-0.58,1.33,30,Neutral,최근 20일 저점권 | MACD 개선,0,15,Neutral,종가 약세,0,20260529,2026-05-31T05:10:37
20260529,004990,롯데지주,25450,314411,7975782175,-1.36,0.88,30,Neutral,최근 20일 저점권 | MACD 개선,0,15,Neutral,종가 약세,0,20260529,2026-05-31T05:10:37
20260529,008770,호텔신라,55100,364783,19940979100,-0.36,0.81,30,Neutral,최근 20일 저점권 | MACD 개선,0,15,Neutral,종가 약세,0,20260529,2026-05-31T05:10:37
20260529,009520,포스코엠텍,16630,153576,2554191765,-1.13,0.59,30,Neutral,최근 20일 저점권 | MACD 개선,0,15,Neutral,종가 약세,0,20260529,2026-05-31T05:10:37
20260529,011170,롯데케미칼,80700,144225,11547095650,-0.98,0.37,30,Neutral,최근 20일 저점권 | MACD 개선,0,15,Neutral,종가 약세,0,20260529,2026-05-31T05:10:37
20260529,017800,현대엘리베이터,78800,273262,21551981400,-1.99,0.96,30,Neutral,최근 20일 저점권 | MACD 개선,0,15,Neutral,종가 약세,0,20260529,2026-05-31T05:10:37
20260529,051600,한전KPS,51000,143480,7303850250,-0.58,0.73,30,Neutral,최근 20일 저점권 | MACD 개선,0,15,Neutral,종가 약세,0,20260529,2026-05-31T05:10:37
20260529,052690,한전기술,134300,211168,28054186550,-1.03,1.05,30,Neutral,최근 20일 저점권 | MACD 개선,0,15,Neutral,종가 약세,0,20260529,2026-05-31T05:10:37
20260529,073240,금호타이어,4700,893870,4211614475,-1.05,0.91,30,Neutral,최근 20일 저점권 | MACD 개선,0,15,Neutral,종가 약세,0,20260529,2026-05-31T05:10:37
20260529,091700,파트론,6990,268159,1875501555,-0.14,0.77,30,Neutral,최근 20일 저점권 | MACD 개선,0,15,Neutral,종가 약세,0,20260529,2026-05-31T05:10:37
20260529,112610,씨에스윈드,47500,379613,17849541775,-1.04,0.91,30,Neutral,최근 20일 저점권 | MACD 개선,0,15,Neutral,종가 약세,0,20260529,2026-05-31T05:10:37
20260529,120110,코오롱인더,71800,267246,19077145650,-0.55,0.65,30,Neutral,최근 20일 저점권 | MACD 개선,0,15,Neutral,종가 약세,0,20260529,2026-05-31T05:10:37
20260529,139480,이마트,86100,217598,18761643800,-1.15,0.74,30,Neutral,최근 20일 저점권 | MACD 개선,0,15,Neutral,종가 약세,0,20260529,2026-05-31T05:10:37
20260529,195940,HK이노엔,45000,206608,9143200300,-0.44,1.05,30,Neutral,최근 20일 저점권 | MACD 개선,0,15,Neutral,종가 약세,0,20260529,2026-05-31T05:10:37
20260529,222080,씨아이에스,12060,1330744,16023687425,-2.51,0.41,30,Neutral,최근 20일 저점권 | MACD 개선,0,15,Neutral,종가 약세,0,20260529,2026-05-31T05:10:37
20260529,222800,심텍,118100,877388,101939810950,1.64,0.98,30,Neutral,종가 반등 | 20일선 상회 추세,0,15,Neutral,MACD 둔화,0,20260529,2026-05-31T05:10:37
20260529,263750,펄어비스,43650,571648,24605201700,-0.57,0.73,30,Neutral,최근 20일 저점권 | MACD 개선,0,15,Neutral,종가 약세,0,20260529,2026-05-31T05:10:37
20260529,300720,한일시멘트,14470,128339,1856113620,-0.34,1.0,30,Neutral,최근 20일 저점권 | MACD 개선,0,15,Neutral,종가 약세,0,20260529,2026-05-31T05:10:37
20260529,361610,SK아이이테크놀로지,19310,239308,4595373685,-2.23,0.94,30,Neutral,최근 20일 저점권 | MACD 개선,0,15,Neutral,종가 약세,0,20260529,2026-05-31T05:10:37
20260529,489790,한화비전,67100,356465,23866832350,-0.3,0.45,30,Neutral,최근 20일 저점권 | MACD 개선,0,15,Neutral,종가 약세,0,20260529,2026-05-31T05:10:37
20260529,000240,한국앤컴퍼니,24300,154217,3735594650,0.83,0.99,30,Neutral,종가 반등 | MACD 개선,0,0,Neutral,,0,20260529,2026-05-31T05:10:37
20260529,004020,현대제철,40150,926405,36818918450,1.65,0.59,30,Neutral,종가 반등 | MACD 개선,0,0,Neutral,,0,20260529,2026-05-31T05:10:37
20260529,007340,DN오토모티브,44650,265062,11680983700,1.48,0.85,30,Neutral,종가 반등 | MACD 개선,0,0,Neutral,,0,20260529,2026-05-31T05:10:37
20260529,009830,한화솔루션,41850,2014605,83121085700,2.83,0.64,30,Neutral,종가 반등 | MACD 개선,0,0,Neutral,,0,20260529,2026-05-31T05:10:37
20260529,028050,삼성E&A,52900,2373485,122995881825,4.13,0.77,30,Neutral,종가 반등 | MACD 개선,0,0,Neutral,,0,20260529,2026-05-31T05:10:37
20260529,047810,한국항공우주,168300,1042402,176767251400,0.24,1.37,30,Neutral,종가 반등 | MACD 개선,0,0,Neutral,,0,20260529,2026-05-31T05:10:37
20260529,069960,현대백화점,109800,119065,13032873950,0.55,0.8,30,Neutral,종가 반등 | MACD 개선,0,0,Neutral,,0,20260529,2026-05-31T05:10:37
20260529,375500,DL이앤씨,76500,865062,65043269600,0.0,1.06,30,Neutral,최근 20일 저점권 | MACD 개선,0,0,Neutral,,0,20260529,2026-05-31T05:10:37
20260529,003490,대한항공,26800,3985005,106968213425,-0.74,1.68,20,Neutral,거래량 증가,0,70,Watch,최근 20일 고점권 | 종가 약세 | RSI 약화 | MACD 둔화 | 거래량 이상,0,20260529,2026-05-31T05:10:37
20260529,319660,피에스케이,98500,573430,55295565650,-5.29,1.52,20,Neutral,거래량 증가,0,35,Neutral,종가 약세 | MACD 둔화 | 거래량 이상,0,20260529,2026-05-31T05:10:37
20260529,443060,HD현대마린솔루션,224000,1723142,386122306500,-0.88,4.59,20,Neutral,거래량 증가,0,35,Neutral,종가 약세 | MACD 둔화 | 거래량 이상,0,20260529,2026-05-31T05:10:37
20260529,009420,한올바이오파마,62500,1379694,89605873350,0.0,2.13,20,Neutral,거래량 증가,0,20,Neutral,MACD 둔화 | 거래량 이상,0,20260529,2026-05-31T05:10:37
20260529,000080,하이트진로,16020,215838,3471570770,-2.79,1.16,15,Neutral,최근 20일 저점권,0,30,Neutral,종가 약세 | MACD 둔화,0,20260529,2026-05-31T05:10:37
20260529,001430,세아베스틸지주,53500,389890,20657183450,-3.6,0.95,15,Neutral,최근 20일 저점권,0,30,Neutral,종가 약세 | MACD 둔화,0,20260529,2026-05-31T05:10:37
20260529,001440,대한전선,45450,6640585,300224524475,-4.92,0.57,15,Neutral,최근 20일 저점권,0,30,Neutral,종가 약세 | MACD 둔화,0,20260529,2026-05-31T05:10:37
20260529,002710,TCC스틸,15240,113299,1734508550,-4.57,0.42,15,Neutral,최근 20일 저점권,0,30,Neutral,종가 약세 | MACD 둔화,0,20260529,2026-05-31T05:10:37
20260529,003380,하림지주,11280,998482,11104770160,-0.44,0.82,15,Neutral,최근 20일 저점권,0,30,Neutral,종가 약세 | MACD 둔화,0,20260529,2026-05-31T05:10:37
20260529,005250,녹십자홀딩스,12920,980897,12732129735,-3.51,1.21,15,Neutral,최근 20일 저점권,0,30,Neutral,종가 약세 | MACD 둔화,0,20260529,2026-05-31T05:10:37
20260529,006800,미래에셋증권,61400,3576596,218236477250,-0.97,0.78,15,Neutral,최근 20일 저점권,0,30,Neutral,종가 약세 | MACD 둔화,0,20260529,2026-05-31T05:10:37
20260529,008730,율촌화학,19640,118171,2301455190,-3.25,1.31,15,Neutral,최근 20일 저점권,0,30,Neutral,종가 약세 | MACD 둔화,0,20260529,2026-05-31T05:10:37
20260529,010120,LS ELECTRIC,241500,1593521,380168551750,-2.03,1.13,15,Neutral,최근 20일 저점권,0,30,Neutral,종가 약세 | MACD 둔화,0,20260529,2026-05-31T05:10:37
20260529,010140,삼성중공업,27950,7575227,211899706125,-1.58,1.06,15,Neutral,최근 20일 저점권,0,30,Neutral,종가 약세 | MACD 둔화,0,20260529,2026-05-31T05:10:37
20260529,011780,금호석유화학,132300,117916,15652592900,-2.58,0.77,15,Neutral,최근 20일 저점권,0,30,Neutral,종가 약세 | MACD 둔화,0,20260529,2026-05-31T05:10:37
20260529,017960,한국카본,32250,510713,16588618500,-6.66,0.87,15,Neutral,최근 20일 저점권,0,30,Neutral,종가 약세 | MACD 둔화,0,20260529,2026-05-31T05:10:37
20260529,026960,동서,24550,102911,2521200850,-1.21,0.87,15,Neutral,최근 20일 저점권,0,30,Neutral,종가 약세 | MACD 둔화,0,20260529,2026-05-31T05:10:37
20260529,029780,삼성카드,46150,156883,7261642975,-1.7,0.93,15,Neutral,최근 20일 저점권,0,30,Neutral,종가 약세 | MACD 둔화,0,20260529,2026-05-31T05:10:37
20260529,035250,강원랜드,15030,734579,11076995745,-0.27,0.99,15,Neutral,최근 20일 저점권,0,30,Neutral,종가 약세 | MACD 둔화,0,20260529,2026-05-31T05:10:37
20260529,035900,JYP Ent.,57700,203850,11585551100,-0.17,0.86,15,Neutral,최근 20일 저점권,0,30,Neutral,종가 약세 | MACD 둔화,0,20260529,2026-05-31T05:10:37
20260529,039490,키움증권,370500,145229,53388719500,-0.13,0.73,15,Neutral,최근 20일 저점권,0,30,Neutral,종가 약세 | MACD 둔화,0,20260529,2026-05-31T05:10:37
20260529,042700,한미반도체,282000,1603208,454684830500,-3.59,1.18,15,Neutral,최근 20일 저점권,0,30,Neutral,종가 약세 | MACD 둔화,0,20260529,2026-05-31T05:10:37
20260529,046890,서울반도체,12890,834912,10835974515,-5.64,0.27,15,Neutral,최근 20일 저점권,0,30,Neutral,종가 약세 | MACD 둔화,0,20260529,2026-05-31T05:10:37
20260529,056190,에스에프에이,26700,178738,4730938275,-2.55,1.01,15,Neutral,최근 20일 저점권,0,30,Neutral,종가 약세 | MACD 둔화,0,20260529,2026-05-31T05:10:37
20260529,058470,리노공업,97400,1045231,101116747800,-1.72,0.95,15,Neutral,최근 20일 저점권,0,30,Neutral,종가 약세 | MACD 둔화,0,20260529,2026-05-31T05:10:37
20260529,074600,원익QnC,32900,418501,13681540100,-4.22,1.03,15,Neutral,최근 20일 저점권,0,30,Neutral,종가 약세 | MACD 둔화,0,20260529,2026-05-31T05:10:37
20260529,078930,GS,72500,309759,22304393100,-2.16,0.85,15,Neutral,최근 20일 저점권,0,30,Neutral,종가 약세 | MACD 둔화,0,20260529,2026-05-31T05:10:37
20260529,079550,LIG넥스원,801000,262004,213700830000,-6.43,0.91,15,Neutral,최근 20일 저점권,0,30,Neutral,종가 약세 | MACD 둔화,0,20260529,2026-05-31T05:10:37
20260529,086450,동국제약,19670,327614,6425553675,-2.38,0.85,15,Neutral,최근 20일 저점권,0,30,Neutral,종가 약세 | MACD 둔화,0,20260529,2026-05-31T05:10:37
20260529,093370,후성,11470,2061958,23529917310,-3.53,0.98,15,Neutral,최근 20일 저점권,0,30,Neutral,종가 약세 | MACD 둔화,0,20260529,2026-05-31T05:10:37
20260529,098460,고영,34300,1625506,56073713400,-3.38,0.41,15,Neutral,최근 20일 저점권,0,30,Neutral,종가 약세 | MACD 둔화,0,20260529,2026-05-31T05:10:37
20260529,103140,풍산,80200,190488,15224690750,-2.79,1.03,15,Neutral,최근 20일 저점권,0,30,Neutral,종가 약세 | MACD 둔화,0,20260529,2026-05-31T05:10:37
20260529,111770,영원무역,79500,106204,8460771700,-2.81,1.12,15,Neutral,최근 20일 저점권,0,30,Neutral,종가 약세 | MACD 둔화,0,20260529,2026-05-31T05:10:37
20260529,122870,와이지엔터테인먼트,44600,179754,8016606600,-2.51,1.42,15,Neutral,최근 20일 저점권,0,30,Neutral,종가 약세 | MACD 둔화,0,20260529,2026-05-31T05:10:37
20260529,137310,에스디바이오센서,7780,227080,1754672815,-0.64,1.38,15,Neutral,최근 20일 저점권,0,30,Neutral,종가 약세 | MACD 둔화,0,20260529,2026-05-31T05:10:37
20260529,161890,한국콜마,85500,190451,16206783900,-1.27,0.68,15,Neutral,최근 20일 저점권,0,30,Neutral,종가 약세 | MACD 둔화,0,20260529,2026-05-31T05:10:37
20260529,183300,코미코,90000,249535,22626417300,-3.95,1.19,15,Neutral,최근 20일 저점권,0,30,Neutral,종가 약세 | MACD 둔화,0,20260529,2026-05-31T05:10:37
20260529,213420,덕산네오룩스,38850,264946,10293032750,-3.0,1.2,15,Neutral,최근 20일 저점권,0,30,Neutral,종가 약세 | MACD 둔화,0,20260529,2026-05-31T05:10:37
20260529,214150,클래시스,44750,347532,15673741500,-2.82,1.2,15,Neutral,최근 20일 저점권,0,30,Neutral,종가 약세 | MACD 둔화,0,20260529,2026-05-31T05:10:37
20260529,240810,원익IPS,106000,715947,74930382050,-2.12,0.98,15,Neutral,최근 20일 저점권,0,30,Neutral,종가 약세 | MACD 둔화,0,20260529,2026-05-31T05:10:37
20260529,271560,오리온,129600,159491,20574427600,-3.43,1.43,15,Neutral,최근 20일 저점권,0,30,Neutral,종가 약세 | MACD 둔화,0,20260529,2026-05-31T05:10:37
20260529,272290,이녹스첨단소재,30300,192130,5812902975,-2.73,0.49,15,Neutral,최근 20일 저점권,0,30,Neutral,종가 약세 | MACD 둔화,0,20260529,2026-05-31T05:10:37
20260529,383310,에코프로에이치엔,31900,293521,9195543350,-1.24,0.94,15,Neutral,MACD 개선,0,30,Neutral,종가 약세 | RSI 약화,0,20260529,2026-05-31T05:10:37
20260529,403870,HPSP,48650,2793696,136088139500,-4.42,1.07,15,Neutral,최근 20일 저점권,0,30,Neutral,종가 약세 | MACD 둔화,0,20260529,2026-05-31T05:10:37
20260529,393890,더블유씨피,15980,1314760,20826756320,-7.42,1.16,15,Neutral,MACD 개선,0,20,Neutral,종가 약세 | 20일선 이탈,1,20260529,2026-05-31T05:10:37
20260529,005420,코스모화학,14190,203180,2855898520,-2.34,0.73,15,Neutral,MACD 개선,0,15,Neutral,종가 약세,0,20260529,2026-05-31T05:10:37
20260529,007070,GS리테일,25550,188279,4733189025,0.79,0.58,15,Neutral,종가 반등,0,15,Neutral,MACD 둔화,0,20260529,2026-05-31T05:10:37
20260529,011790,SKC,139300,688861,95340473550,1.53,0.69,15,Neutral,종가 반등,0,15,Neutral,MACD 둔화,0,20260529,2026-05-31T05:10:37
20260529,015760,한국전력,38900,3204199,125026523275,-0.38,1.24,15,Neutral,MACD 개선,0,15,Neutral,종가 약세,0,20260529,2026-05-31T05:10:37
20260529,025900,동화기업,8940,127790,1140010200,-3.56,0.74,15,Neutral,MACD 개선,0,15,Neutral,종가 약세,0,20260529,2026-05-31T05:10:37
20260529,034020,두산에너빌리티,105600,4626529,485150078100,-0.28,1.12,15,Neutral,MACD 개선,0,15,Neutral,종가 약세,0,20260529,2026-05-31T05:10:37
20260529,036460,한국가스공사,35500,216317,7633938750,0.0,0.7,15,Neutral,최근 20일 저점권,0,15,Neutral,MACD 둔화,0,20260529,2026-05-31T05:10:37
20260529,064350,현대로템,200500,1158750,232452090050,-2.67,1.38,15,Neutral,MACD 개선,0,15,Neutral,종가 약세,0,20260529,2026-05-31T05:10:37
20260529,066970,엘앤에프,168300,1025931,170057966300,-0.53,1.41,15,Neutral,MACD 개선,0,15,Neutral,종가 약세,0,20260529,2026-05-31T05:10:37
20260529,131970,두산테스나,157300,528922,81058965800,2.21,1.25,15,Neutral,종가 반등,0,15,Neutral,MACD 둔화,0,20260529,2026-05-31T05:10:37
20260529,137400,피엔티,46450,178167,8164320125,-1.59,0.84,15,Neutral,MACD 개선,0,15,Neutral,종가 약세,0,20260529,2026-05-31T05:10:37
20260529,141080,리가켐바이오,151100,273960,41059068000,-2.52,0.57,15,Neutral,MACD 개선,0,15,Neutral,종가 약세,0,20260529,2026-05-31T05:10:37
20260529,237690,에스티팜,134100,148327,19895988200,-0.96,1.01,15,Neutral,MACD 개선,0,15,Neutral,종가 약세,0,20260529,2026-05-31T05:10:37
20260529,267250,HD현대,277500,358725,98904664250,0.73,1.5,15,Neutral,종가 반등,0,15,Neutral,MACD 둔화,0,20260529,2026-05-31T05:10:37
20260529,450080,에코프로머티,62200,507743,31725235400,-3.57,0.52,15,Neutral,MACD 개선,0,15,Neutral,종가 약세,0,20260529,2026-05-31T05:10:37
20260529,457190,이수스페셜티케미컬,96300,229935,22123924500,-2.63,0.83,15,Neutral,MACD 개선,0,15,Neutral,종가 약세,0,20260529,2026-05-31T05:10:37
20260529,005850,에스엘,75100,364224,27716046100,-0.66,1.09,0,Neutral,,0,65,Watch,최근 20일 고점권 | 종가 약세 | RSI 약화 | MACD 둔화,0,20260529,2026-05-31T05:10:37
20260529,192080,더블유게임즈,68400,126943,8766300650,-2.29,1.03,0,Neutral,,0,65,Watch,최근 20일 고점권 | 종가 약세 | RSI 약화 | MACD 둔화,0,20260529,2026-05-31T05:10:37
20260529,004170,신세계,515000,107091,55026990000,-1.15,1.15,0,Neutral,,0,45,Neutral,종가 약세 | RSI 약화 | MACD 둔화,0,20260529,2026-05-31T05:10:37
20260529,010060,OCI홀딩스,349500,394880,143107254750,-3.98,0.92,0,Neutral,,0,45,Neutral,종가 약세 | RSI 약화 | MACD 둔화,0,20260529,2026-05-31T05:10:37
20260529,036930,주성엔지니어링,200000,2418613,509712132000,-3.85,0.92,0,Neutral,,0,45,Neutral,종가 약세 | RSI 약화 | MACD 둔화,0,20260529,2026-05-31T05:10:37
20260529,096530,씨젠,30400,360861,10954387800,-0.65,0.63,0,Neutral,,0,45,Neutral,종가 약세 | RSI 약화 | MACD 둔화,0,20260529,2026-05-31T05:10:37
20260529,329180,HD현대중공업,696000,817753,571366893000,-1.14,1.4,0,Neutral,,0,45,Neutral,종가 약세 | RSI 약화 | MACD 둔화,0,20260529,2026-05-31T05:10:37
20260529,402340,SK스퀘어,1233000,1355931,1681873129666,-0.32,1.3,0,Neutral,,0,45,Neutral,종가 약세 | RSI 약화 | MACD 둔화,0,20260529,2026-05-31T05:10:37
20260529,000880,한화,133700,293586,39621802900,-3.95,0.88,0,Neutral,,0,35,Neutral,종가 약세 | MACD 둔화 | 20일선 이탈,1,20260529,2026-05-31T05:10:37
20260529,021240,코웨이,90000,338505,30493667700,-2.6,1.0,0,Neutral,,0,35,Neutral,종가 약세 | MACD 둔화 | 20일선 이탈,1,20260529,2026-05-31T05:10:37
20260529,023530,롯데쇼핑,147700,170177,25023365950,-2.38,1.03,0,Neutral,,0,35,Neutral,종가 약세 | MACD 둔화 | 20일선 이탈,1,20260529,2026-05-31T05:10:37
20260529,036540,SFA반도체,8320,7322927,61919938905,-7.56,0.55,0,Neutral,,0,35,Neutral,종가 약세 | MACD 둔화 | 20일선 이탈,1,20260529,2026-05-31T05:10:37
20260529,086520,에코프로,139000,1982448,276371687500,-3.94,1.21,0,Neutral,,0,35,Neutral,종가 약세 | MACD 둔화 | 20일선 이탈,1,20260529,2026-05-31T05:10:37
20260529,348210,넥스틴,67400,104163,7070050750,-5.47,0.94,0,Neutral,,0,35,Neutral,종가 약세 | MACD 둔화 | 20일선 이탈,1,20260529,2026-05-31T05:10:37
20260529,001450,현대해상,34550,524811,17990542050,-0.43,0.58,0,Neutral,,0,30,Neutral,종가 약세 | MACD 둔화,0,20260529,2026-05-31T05:10:37
20260529,001800,오리온홀딩스,25050,173404,4313852925,-0.4,0.73,0,Neutral,,0,30,Neutral,종가 약세 | MACD 둔화,0,20260529,2026-05-31T05:10:37
20260529,005290,동진쎄미켐,54700,747043,41279718150,-5.2,0.89,0,Neutral,,0,30,Neutral,종가 약세 | MACD 둔화,0,20260529,2026-05-31T05:10:37
20260529,006260,LS,446000,459222,203648721000,-6.2,1.44,0,Neutral,,0,30,Neutral,종가 약세 | MACD 둔화,0,20260529,2026-05-31T05:10:37
20260529,016360,삼성증권,119800,590178,70626600150,-0.83,0.53,0,Neutral,,0,30,Neutral,종가 약세 | MACD 둔화,0,20260529,2026-05-31T05:10:37
20260529,039030,이오테크닉스,458000,159713,72703630250,-5.47,1.19,0,Neutral,,0,30,Neutral,종가 약세 | MACD 둔화,0,20260529,2026-05-31T05:10:37
20260529,042660,한화오션,123300,1816929,222688020250,-0.72,0.96,0,Neutral,,0,30,Neutral,종가 약세 | MACD 둔화,0,20260529,2026-05-31T05:10:37
20260529,081660,미스토홀딩스,37450,147666,5504703325,-2.09,0.83,0,Neutral,,0,30,Neutral,종가 약세 | MACD 둔화,0,20260529,2026-05-31T05:10:37
20260529,084370,유진테크,124000,233655,28938583950,-4.39,0.92,0,Neutral,,0,30,Neutral,종가 약세 | MACD 둔화,0,20260529,2026-05-31T05:10:37
20260529,088350,한화생명,4880,5368100,26211965383,-1.11,0.45,0,Neutral,,0,30,Neutral,종가 약세 | MACD 둔화,0,20260529,2026-05-31T05:10:37
20260529,095340,ISC,202500,277306,55820587650,-4.93,1.16,0,Neutral,,0,30,Neutral,종가 약세 | MACD 둔화,0,20260529,2026-05-31T05:10:37
20260529,196170,알테오젠,369000,524776,192743921500,-0.14,0.91,0,Neutral,,0,30,Neutral,종가 약세 | MACD 둔화,0,20260529,2026-05-31T05:10:37
20260529,272210,한화시스템,105000,1170037,122639572200,-0.85,1.32,0,Neutral,,0,30,Neutral,종가 약세 | MACD 둔화,0,20260529,2026-05-31T05:10:37
20260529,383220,F&F,72900,116679,8390629100,-0.41,0.91,0,Neutral,,0,30,Neutral,종가 약세 | MACD 둔화,0,20260529,2026-05-31T05:10:37
20260529,000120,CJ대한통운,85500,87111,7379130800,0.0,1.08,0,Neutral,,0,0,Neutral,,0,20260529,2026-05-31T05:10:37
20260529,000670,영풍,51700,27493,1406610000,0.19,0.86,0,Neutral,,0,0,Neutral,,0,20260529,2026-05-31T05:10:37
20260529,001570,금양,9900,0,0,0.0,,0,Neutral,,0,0,Neutral,,0,20260529,2026-05-31T05:10:37
20260529,002380,KCC,550000,50327,27754265500,0.0,1.1,0,Neutral,,0,0,Neutral,,0,20260529,2026-05-31T05:10:37
20260529,002840,미원상사,120500,3926,468841600,0.5,0.74,0,Neutral,,0,0,Neutral,,0,20260529,2026-05-31T05:10:37
20260529,003030,세아제강지주,153200,53837,8154619700,-4.84,1.26,0,Neutral,,0,0,Neutral,,0,20260529,2026-05-31T05:10:37
20260529,003090,대웅,18840,81403,1523518140,-0.84,1.1,0,Neutral,,0,0,Neutral,,0,20260529,2026-05-31T05:10:37
20260529,003230,삼양식품,1205000,89563,107358353000,-0.5,1.21,0,Neutral,,0,0,Neutral,,0,20260529,2026-05-31T05:10:37
20260529,003240,태광산업,969000,2523,2435233000,-2.42,0.92,0,Neutral,,0,0,Neutral,,0,20260529,2026-05-31T05:10:37
20260529,004000,롯데정밀화학,52700,66757,3492571150,0.19,0.6,0,Neutral,,0,0,Neutral,,0,20260529,2026-05-31T05:10:37
20260529,004370,농심,385000,29805,11371626000,-0.77,0.91,0,Neutral,,0,0,Neutral,,0,20260529,2026-05-31T05:10:37
20260529,004490,세방전지,56000,70937,3967175350,-0.18,1.11,0,Neutral,,0,0,Neutral,,0,20260529,2026-05-31T05:10:37
20260529,005300,롯데칠성,109000,22965,2502582950,0.65,0.77,0,Neutral,,0,0,Neutral,,0,20260529,2026-05-31T05:10:37
20260529,006040,동원산업,35500,69138,2432289700,0.85,0.81,0,Neutral,,0,0,Neutral,,0,20260529,2026-05-31T05:10:37
20260529,006280,녹십자,141400,70791,10038246750,-0.91,0.81,0,Neutral,,0,0,Neutral,,0,20260529,2026-05-31T05:10:37
20260529,006650,대한유화,128300,30308,3849100900,0.0,0.42,0,Neutral,,0,0,Neutral,,0,20260529,2026-05-31T05:10:37
20260529,007310,오뚜기,334000,5241,1760905750,-1.47,0.88,0,Neutral,,0,0,Neutral,,0,20260529,2026-05-31T05:10:37
20260529,009240,한샘,30800,72805,2197516975,0.33,0.67,0,Neutral,,0,0,Neutral,,0,20260529,2026-05-31T05:10:37
20260529,009970,영원무역홀딩스,191500,28050,5393705400,-2.05,1.13,0,Neutral,,0,0,Neutral,,0,20260529,2026-05-31T05:10:37
20260529,010130,고려아연,1373000,23296,31976999500,0.59,0.56,0,Neutral,,0,0,Neutral,,0,20260529,2026-05-31T05:10:37
20260529,012750,에스원,68400,91679,6271421200,0.29,1.0,0,Neutral,,0,0,Neutral,,0,20260529,2026-05-31T05:10:37
20260529,014680,한솔케미칼,270000,81798,22239643750,-3.91,0.8,0,Neutral,,0,0,Neutral,,0,20260529,2026-05-31T05:10:37
20260529,014820,동원시스템즈,21950,38232,840881425,-2.23,0.67,0,Neutral,,0,0,Neutral,,0,20260529,2026-05-31T05:10:37
20260529,036830,솔브레인홀딩스,49700,90822,4435592975,-1.58,0.68,0,Neutral,,0,0,Neutral,,0,20260529,2026-05-31T05:10:37
20260529,039130,하나투어,37900,45588,1710437475,1.47,0.67,0,Neutral,,0,0,Neutral,,0,20260529,2026-05-31T05:10:37
20260529,051900,LG생활건강,247500,77706,19226118250,-0.2,0.89,0,Neutral,,0,0,Neutral,,0,20260529,2026-05-31T05:10:37
20260529,069080,웹젠,10510,84116,883794125,0.1,0.89,0,Neutral,,0,0,Neutral,,0,20260529,2026-05-31T05:10:37
20260529,069620,대웅제약,130600,39334,5105672200,-0.84,1.09,0,Neutral,,0,0,Neutral,,0,20260529,2026-05-31T05:10:37
20260529,071320,지역난방공사,71500,23291,1656414300,1.42,1.04,0,Neutral,,0,0,Neutral,,0,20260529,2026-05-31T05:10:37
20260529,078340,컴투스,26550,70348,1882092000,-2.39,0.98,0,Neutral,,0,0,Neutral,,0,20260529,2026-05-31T05:10:37
20260529,084850,아이티엠반도체,12670,61862,775567800,-5.73,0.65,0,Neutral,,0,0,Neutral,,0,20260529,2026-05-31T05:10:37
20260529,086900,메디톡스,96400,45200,4332661900,1.8,0.93,0,Neutral,,0,0,Neutral,,0,20260529,2026-05-31T05:10:37
20260529,097950,CJ제일제당,202000,92849,18727019100,-0.98,1.22,0,Neutral,,0,0,Neutral,,0,20260529,2026-05-31T05:10:37
20260529,140860,파크시스템스,275500,37246,10369430500,-2.65,0.68,0,Neutral,,0,0,Neutral,,0,20260529,2026-05-31T05:10:37
20260529,145020,휴젤,248500,48681,12005691750,-2.17,0.69,0,Neutral,,0,0,Neutral,,0,20260529,2026-05-31T05:10:37
20260529,145720,덴티움,46700,29838,1392631625,-1.48,0.67,0,Neutral,,0,0,Neutral,,0,20260529,2026-05-31T05:10:37
20260529,185750,종근당,79400,35709,2833535500,0.13,1.07,0,Neutral,,0,0,Neutral,,0,20260529,2026-05-31T05:10:37
20260529,192820,코스맥스,173700,76004,13150655600,-0.8,0.82,0,Neutral,,0,0,Neutral,,0,20260529,2026-05-31T05:10:37
20260529,200130,콜마비앤에이치,10520,64983,673281795,-0.38,0.61,0,Neutral,,0,0,Neutral,,0,20260529,2026-05-31T05:10:37
20260529,214450,파마리서치,295000,60262,17649354250,-0.67,0.47,0,Neutral,,0,0,Neutral,,0,20260529,2026-05-31T05:10:37
20260529,215000,골프존,43250,22405,965763000,1.05,0.8,0,Neutral,,0,0,Neutral,,0,20260529,2026-05-31T05:10:37
20260529,215200,메가스터디교육,40250,43016,1721806550,0.37,1.14,0,Neutral,,0,0,Neutral,,0,20260529,2026-05-31T05:10:37
20260529,268280,미원에스씨,100400,1860,186135300,1.41,0.7,0,Neutral,,0,0,Neutral,,0,20260529,2026-05-31T05:10:37
20260529,280360,롯데웰푸드,112900,20962,2380903850,-1.14,0.86,0,Neutral,,0,0,Neutral,,0,20260529,2026-05-31T05:10:37
20260529,282330,BGF리테일,124200,77526,9692945583,0.4,1.1,0,Neutral,,0,0,Neutral,,0,20260529,2026-05-31T05:10:37
20260529,285130,SK케미칼,43150,91152,3942222450,-0.92,1.0,0,Neutral,,0,0,Neutral,,0,20260529,2026-05-31T05:10:37
20260529,298020,효성티앤씨,363500,33263,12003888750,-2.02,0.94,0,Neutral,,0,0,Neutral,,0,20260529,2026-05-31T05:10:37
20260529,298040,효성중공업,3685000,85185,312446390000,0.88,1.34,0,Neutral,,0,0,Neutral,,0,20260529,2026-05-31T05:10:37
20260529,298050,HS효성첨단소재,210500,17910,3753566250,0.48,0.75,0,Neutral,,0,0,Neutral,,0,20260529,2026-05-31T05:10:37
20260529,357780,솔브레인,382500,66656,25711714500,-5.44,1.11,0,Neutral,,0,0,Neutral,,0,20260529,2026-05-31T05:10:37
20260529,456040,OCI,121500,73318,9031196850,-5.23,0.77,0,Neutral,,0,0,Neutral,,0,20260529,2026-05-31T05:10:37
