월별,기간,전체,반도체,철강제품,승용차,석유제품,무선통신기기,선박,자동차부품,컴퓨터주변기기,정밀기기,가전제품
201601,01~10,8453665,1108532,699490,267042,421461,566581,857006,404300,139216,147506,128526
201601,01~20,22081425,2798444,1713597,1120283,993571,1197717,2302532,1096189,338288,376100,430450
201601,01~31,36260420,4590675,2963953,2773742,1684516,1964416,2617192,1871217,552120,597448,696229
201602,01~10,8723002,1148994,738513,330477,483390,427479,360863,530185,156696,154552,210700
201602,01~20,21967139,2662160,1777030,1234504,1123759,1301971,1512134,1188557,358157,368288,451911
201602,01~29,35924541,4191505,2973930,2724255,1703253,2071924,2621257,1834848,528011,558704,715932
201603,01~10,11969107,1498350,1218726,520020,511333,783072,711249,685814,182477,199171,255414
201603,01~20,23797947,2845123,2033916,1718030,1149349,1459542,1380516,1321101,367417,404833,478388
201603,01~31,43002468,5328931,3914314,3683674,1915398,2614236,2516427,2179476,609178,705732,862126
201604,01~10,10525943,1182806,973800,470934,711169,577894,716900,587023,148237,166011,194156
201604,01~20,23650865,2722433,1973153,1480774,1396874,1372051,1323642,1229623,363994,383215,480134
201604,01~30,41081553,4590248,3265409,3231914,2435747,2306875,3421545,2033711,557562,621048,757022
201605,01~10,9306549,1278394,744731,246433,402019,641028,540579,517236,134199,172975,206426
201605,01~20,24622413,3033433,1951880,1442922,1337099,1435789,1286785,1399514,360237,426910,516768
201605,01~31,39733794,4923303,3149374,3166111,2193445,2390987,1865317,2018372,596228,652761,815976
201606,01~10,13884003,1585169,1021891,624133,682990,713973,1942636,798907,185368,215952,235532
201606,01~20,25663146,3000373,1823223,1514186,1482503,1256422,3074736,1341291,379820,410487,465091
201606,01~30,45209071,5310312,3844619,3508902,2329539,2174461,5062497,2134502,696076,691984,826131
201607,01~10,10300925,1294568,853006,541135,690929,438749,618332,555549,157799,177947,204184
201607,01~20,24535848,3058461,1884835,1623959,1601650,1130778,1381135,1252781,398717,430287,527978
201607,01~31,40881700,5036541,3334799,3171440,2701275,1836078,1879096,2084696,661255,697328,860149
201608,01~10,9697883,1650194,819020,74268,563583,588810,376265,326272,179234,199302,179574
201608,01~20,22463718,3415694,1765118,731982,1287314,1291824,1394919,1012330,375702,424455,486542
201608,01~31,40124791,5613838,3276519,2086868,2102511,2076029,3199768,1776612,674818,707365,877193
201609,01~10,13492748,1752533,1024127,482651,753410,730692,947951,839676,193610,250595,332321
201609,01~20,22903863,3346806,1680985,974757,1528073,1171888,1203522,1265730,363310,427903,547414
201609,01~30,40846252,5733316,3204443,2195324,2409807,1990340,2169639,2184384,705578,736471,949605
201610,01~10,9451090,1341772,686818,266323,625414,625166,391550,534109,179926,182185,257989
201610,01~20,24969767,3273787,1831808,1360026,1445367,1427349,1463501,1390960,434624,461634,616489
201610,01~31,41983329,5619086,3133644,3086277,2321520,2386606,2509324,2112055,737261,740922,962826
201611,01~10,13865744,1917115,1015643,669328,767288,863810,604844,841988,204329,262126,298124
201611,01~20,27144176,3588581,2016654,1729735,1432777,1503453,2133594,1380521,395451,490425,528095
201611,01~30,45309141,5834147,3474401,3662361,2405414,2303042,3441052,2117177,668976,809187,791857
201612,01~10,12840228,1802378,917405,822514,676461,706809,437536,676404,201896,274992,228103
201612,01~20,27045242,3669861,1894576,2071067,1648740,1394088,1195757,1276964,400480,567200,468404
201612,01~31,45068880,5927970,3409947,4205540,2611049,2086243,2164170,2068151,679223,912388,696060
201701,01~10,11633553,1818217,859784,342784,939409,422338,853194,528040,188426,239183,181881
201701,01~20,27505852,4264801,2042807,1463440,1857226,1093014,1676773,1374942,416182,546052,450568
201701,01~31,40257000,6495478,3212401,2677455,2809525,1437948,2132070,1899980,571305,737904,628975
201702,01~10,15065631,2060913,1695436,633151,1161363,571256,688760,726700,208348,286744,226047
201702,01~20,27681438,4030348,2615464,1609549,1860136,1047840,1488641,1310424,364741,509104,436007
201702,01~28,43166536,6564146,3981783,3064965,2948804,1513173,1813956,2000229,597857,783502,658441
201703,01~10,14157054,1981469,1075128,783448,1038705,513143,983397,680130,148910,260546,215820
201703,01~20,27135502,4052391,1987736,1732306,1805509,1030672,1785871,1216162,291854,496371,441557
201703,01~31,48637832,7680205,3725382,3851265,3037178,1832826,2832271,2123073,588494,894955,759856
201704,01~10,11155507,1795039,860368,580596,680866,622659,401211,463223,143373,267377,184658
201704,01~20,30304957,4152760,2620789,1862295,1678978,1374277,3062031,1226577,370378,598058,472946
201704,01~30,50843799,7301692,4173793,3646542,2529863,1965145,7049374,1850103,610497,916945,695416
201705,01~10,9652000,1827707,707146,246673,853404,338938,311969,415024,159052,193917,158450
201705,01~20,25341567,4267958,2285799,1478593,1779864,863508,839566,1111155,411448,494124,421531
201705,01~31,44926979,7682394,3941196,3297943,2809248,1475450,2353551,1787007,651951,829077,711136
201706,01~10,12131557,2091996,1200469,462306,727626,529171,431708,566700,203542,268744,176859
201706,01~20,31826331,4533329,2243841,1454783,1507664,995862,6494898,1140858,396286,537489,403248
201706,01~30,51272452,8247070,3978824,3551669,2446645,1449643,7310385,1890967,713925,893326,652833
201707,01~10,14238815,1947218,764855,539759,750848,334787,4169199,439846,180557,217897,164790
201707,01~20,30032724,4518214,1994500,1815198,1626061,940539,4772795,1187181,423228,501044,437518
201707,01~31,48830440,8103895,3588936,3404373,2742491,1386105,6006358,1828309,753335,804420,694355
201708,01~10,12442644,2522841,987808,107478,1011278,487517,439880,402851,231782,244390,195938
201708,01~20,25048052,4860739,1867510,885423,1857590,1010733,1039300,915226,458747,459463,402992
201708,01~31,47105569,8981580,3722359,2627911,2914007,1726494,2390667,1794245,794567,810937,770673
201709,01~10,12305209,2503428,890820,548718,889066,593896,252761,523396,186394,237975,208090
201709,01~20,30014154,6048725,2158001,1713764,1890030,1229889,1183385,1229766,422453,577840,550060
201709,01~30,55115240,9941741,5829077,3548641,3689671,1923574,3030310,2070316,854009,975499,874169
201710,01~10,6716871,2040192,307293,37968,406591,319827,1669823,86733,70421,83633,60329
201710,01~20,26494576,5918316,1688621,1115453,1484135,1138766,3013125,861520,403397,442550,370631
201710,01~31,44791239,9701470,3252285,2680873,2630547,1951910,3234131,1498036,746278,803501,651942
201711,01~10,16075304,3144983,1141106,993464,1184764,778424,147246,697342,230914,355395,217734
201711,01~20,29864929,5868387,2112431,1825636,2178708,1354632,688012,1144325,463531,684624,391862
201711,01~30,49707197,9827528,3741361,3728428,3462497,2055615,749677,1877152,797631,1112046,619319
201712,01~10,12559426,2564567,869443,557653,999854,487717,489743,485175,202719,276307,129338
201712,01~20,30948796,6094172,2153307,1457317,2171732,1065412,1778259,1100448,515034,690574,391339
201712,01~31,49040139,9938211,3734046,2751007,3426569,1533064,2460262,1727054,776847,1077911,541271
201801,01~10,13682888,2916282,1009815,306697,1120408,482501,825381,481146,220032,282442,171013
201801,01~20,30049491,6014651,2200880,1366660,2394477,1025048,1765240,1104897,453214,580108,381645
201801,01~31,49221291,9926733,3921498,3059427,3697613,1516404,2414473,1755364,819620,910230,611139
201802,01~10,14718264,2815160,1107779,859118,1211266,402363,827771,588903,240898,251036,188332
201802,01~20,26420095,5375776,2146462,1350755,2344344,620607,1184619,985515,416202,420177,375781
201802,01~28,44523530,9195027,3697598,2630241,3356720,1093424,2405854,1629334,803969,722005,562948
201803,01~10,13541635,2800998,950124,699317,1069638,542800,604434,520053,216321,259372,160294
201803,01~20,29476530,5838981,2194413,1769297,1936089,1039691,1618920,1094442,483213,525895,425469
201803,01~31,51309932,11045625,3977208,3529774,3095395,1477315,1955517,1869220,978990,889445,671654
201804,01~10,13814690,2611222,1056467,731567,1015946,384770,649293,574693,186566,235359,202602
201804,01~20,32566012,6194580,2548043,1931752,2373367,851073,1301439,1370130,520287,576242,453733
201804,01~30,49850235,9941528,4123217,3324748,3995324,1160063,1709321,1955866,776331,912401,630839
201805,01~10,13930367,2983514,1182493,701611,975526,427725,89013,663265,240566,261117,186457
201805,01~20,29116483,6091663,2318187,1657139,2215553,866361,577017,1226763,540539,501739,380367
201805,01~31,50687750,10997661,4189803,3268920,3982286,1511657,773824,2041462,850566,872656,646666
201806,01~10,12334956,2694356,882703,655562,1028149,450259,66411,508068,228502,226030,115846
201806,01~20,30243887,6246700,2291581,1708073,2477210,904612,756707,1195837,573979,571390,331832
201806,01~30,51079375,11321533,4004036,3219928,4126590,1400797,1271051,1913734,1064582,960489,538150
201807,01~10,13917063,2873528,1129451,687716,1220447,467271,221323,558205,170016,258184,168117
201807,01~20,32757062,6424137,2754422,1782707,2629725,1053955,1163626,1306186,480093,557258,374690
201807,01~31,51810255,10622705,4756506,2934066,3973162,1459739,1590482,1947068,819184,881877,581648
201808,01~10,14802110,3556668,1069896,331488,1598670,488195,9910,448557,234912,324406,153482
201808,01~20,28785487,6755741,2336616,1088588,2863453,875669,402602,910184,449857,606371,311855
201808,01~31,51180449,11820645,4314235,2630553,4303110,1431373,617569,1791212,868191,1102808,568515
201809,01~10,13997269,3450432,944026,677566,1290159,399055,174698,517315,231555,316795,176577
201809,01~20,36519939,8205860,2582959,1876999,2897585,968802,1076299,1404483,567229,811818,470547
201809,01~30,50650208,12694128,3681585,2763577,4299997,1272605,1356806,1681150,893758,1043625,595365
201810,01~10,14356256,2837005,978719,797856,1251514,521959,302729,632717,167182,366346,200323
201810,01~20,33335175,6469703,2277269,2104784,3102654,1045816,1155110,1340503,353172,770189,404630
201810,01~31,54860310,11874119,3989610,3666651,4600992,1727279,1436237,2055564,732997,1227835,645948
201811,01~10,15011001,2973535,988342,1001180,1181323,713108,585168,624978,177031,343914,186095
201811,01~20,31200636,6071637,2106108,2084781,2455302,1364561,1696788,1162254,420232,660442,398293
201811,01~30,51479530,10974481,3807459,3697749,3976879,1991663,2000901,1877575,714720,1034978,617945
201812,01~10,11941663,2469996,878625,778585,1078471,526977,24971,447950,185984,290725,180301
201812,01~20,31060666,5495689,2140332,2133789,2300850,1304850,1838387,1163768,444164,671140,447133
201812,01~31,48206793,9108586,3597869,3522414,3543209,1699461,3177851,1728826,681649,966371,614675
201901,01~10,12636635,2119744,994225,697648,839889,585447,577799,576753,206025,284892,199679
201901,01~20,25704243,4283922,2038095,1763740,1876394,1096943,1048468,1104037,392286,518240,408464
201901,01~31,46168934,7679253,3932243,3429000,3647294,1693378,1735818,1982501,640964,874538,741358
201902,01~10,6315804,1415212,519999,286521,610387,334673,87026,210701,89228,116217,92875
201902,01~20,23344607,3913637,1888392,1331753,1850375,956780,1104472,882426,349215,429951,406653
201902,01~28,39481803,6989661,3539508,2693787,3023824,1403921,1287317,1581202,582232,729051,658975
201903,01~10,10940309,1967268,810113,735724,665999,520807,546715,444491,151922,216802,171880
201903,01~20,27918416,4376935,2102300,1938118,1733272,995782,1980285,1150534,394227,543050,459571
201903,01~31,47003206,9253635,3766481,3418177,3066322,1532257,2061369,1855079,660947,935578,769806
201904,01~10,15011948,2095838,1099638,879560,1239677,631831,1131807,646076,168188,291372,263548
201904,01~20,29723614,4663188,2241061,2009914,2438299,1186954,1302077,1313780,348727,587318,533860
201904,01~30,48781156,8674532,3785130,3524478,3930909,1698752,2680616,1951969,544105,887905,785359
201905,01~10,12881459,2033022,1032727,836947,1073867,501190,217417,588071,197069,275772,225907
201905,01~20,25497936,4077324,1980916,1865682,2076792,908538,701900,1081219,389490,545594,487804
201905,01~31,45703948,7788508,3895318,3695183,3568497,1487453,1130382,1872118,647351,961647,802018
201906,01~10,10215689,1864831,841745,650388,784212,423546,179141,408714,163973,237199,194677
201906,01~20,27078707,4728841,2206603,2040727,1857571,999454,911962,1129830,413587,585716,548801
201906,01~30,44008404,8509573,3626858,3532141,3060435,1507277,1888921,1653017,635527,891367,805683
201907,01~10,13505147,2102733,1060211,853907,1212927,540844,183266,621810,189925,303244,259783
201907,01~20,28230370,4485921,2192511,2126707,2224994,1114647,873486,1260042,405698,597233,502954
201907,01~31,46078221,7692400,3830585,3592648,3590419,1717063,1452668,1955456,664712,934216,793394
201908,01~10,11414397,2339245,835519,311293,1141270,690757,313123,411020,168126,302658,192616
201908,01~20,24797946,4736027,1838313,1175925,2181654,1378293,1121747,895345,335734,614570,428303
201908,01~31,44020065,8190041,3571175,2777454,3612570,2160921,1760365,1697946,658994,1035132,705364
201909,01~10,15004914,2301629,1052867,817529,1272501,819802,911948,684105,187851,364308,265201
201909,01~20,28540067,4939170,2135806,1565038,2361977,1528828,1522511,1178476,422907,659311,489513
201909,01~30,44629053,8675503,3407431,2898680,3571166,2307153,1758719,1706165,737206,975709,688772
201910,01~10,13071445,2066177,978755,924992,991648,797365,230574,630728,181882,288399,238831
201910,01~20,26738387,4605313,1933026,1968844,1881901,1514010,1059637,1130114,434583,580823,450804
201910,01~31,46648756,8067974,3589527,3594199,3380328,2335933,1761556,1914345,880420,995435,720749
201911,01~10,11720034,1978283,861212,963359,850761,672841,208607,475726,239105,276314,176254
201911,01~20,28152456,4636690,2056350,2233578,2343672,1337836,590961,1094360,567760,599402,432633
201911,01~30,44040722,7584210,3440329,3710585,3493056,1899463,742466,1701482,901474,947632,644589
201912,01~10,12853793,1892971,958505,863652,985813,621758,298163,545677,243474,294614,187980
201912,01~20,30430219,4577022,2346802,2191792,2339875,1344284,897617,1230541,605922,719229,441213
201912,01~31,45668341,7482531,3732016,3588385,3354128,1826730,1280922,1793819,927958,1018164,616059
202001,01~10,13247930,2362644,922964,665603,1069551,557307,579210,519752,235102,302740,169677
202001,01~20,25532422,4656380,1932256,1640219,2150858,1028357,607326,1017949,491412,565963,359958
202001,01~31,43103061,7387405,3381364,2672693,3418842,1461850,2796385,1682918,880893,851669,541834
202002,01~10,10614006,1945946,862987,614395,715008,450388,207660,453712,225504,232916,169928
202002,01~20,26068110,4510441,2179954,1327845,1655460,1033840,808780,1241450,622367,534249,393670
202002,01~29,40911819,7599827,3389532,2276355,2768142,1500072,1389063,1744851,1050303,842563,540950
202003,01~10,13015395,2391102,1002666,820909,662173,610461,201508,595283,271526,323303,212827
202003,01~20,30115412,5260442,2329149,2201676,1499008,1262224,997865,1353862,636362,680400,483019
202003,01~31,46167204,8971711,3649043,3662003,2348471,1763647,1394685,1870487,1118714,991222,689925
202004,01~10,12048450,2063320,927196,817095,539322,485119,129604,440071,263749,296065,138259
202004,01~20,21308338,3968307,1674257,1436877,963162,821896,236162,659184,525380,495234,231982
202004,01~30,36270183,7377824,2960105,2268579,1515184,1218726,1011566,984872,987095,788138,383132
202005,01~10,6886388,1662651,429107,164280,284296,321270,337258,106601,191987,156979,66845
202005,01~20,20303243,4621117,1449981,769822,717907,805943,924868,361387,527217,448385,287304
202005,01~31,34854511,8293538,2585971,1730321,1189730,1259813,1546250,627494,1111976,710590,487614
202006,01~10,12258491,2285279,829227,409241,558484,575325,776477,283023,289210,287755,247804
202006,01~20,24978418,4852743,1756668,1290717,1154026,1108186,1189419,576924,663772,574261,467041
202006,01~30,39214071,8490845,2938680,2374807,1682787,1499118,1337308,911290,1164664,859299,669373
202007,01~10,13216226,2265636,942106,915833,710426,487795,743607,410258,353181,302463,250172
202007,01~20,24535992,4407373,1795914,1822473,1313954,976045,1294979,745132,635950,566550,460327
202007,01~31,42785144,8116298,3296948,3519795,2089149,1561818,1727015,1428793,1085171,972368,724026
202008,01~10,8694299,2179997,626399,237226,619262,389581,12802,156431,272755,253994,162502
202008,01~20,22886441,4872166,1748478,1056783,1320538,969388,339082,722418,668516,602936,415850
202008,01~31,39469231,8429925,3013791,2459444,2032643,1594700,1131152,1253139,1242629,970031,659251
202009,01~10,14918733,3296578,1040348,886057,650457,693382,327532,628851,379490,415056,248594
202009,01~20,29359555,6188315,2073081,2170229,1255882,1373463,1107522,1126856,723670,748387,469183
202009,01~30,47819948,9753555,3593309,3598873,1985270,2201594,1695185,1888020,1175076,1182505,734566
202010,01~10,9277053,2298206,647812,592113,409470,664580,42954,339340,180714,222405,129280
202010,01~20,25107953,5161602,1914525,1817602,1086008,1487133,727523,976080,480212,589943,373694
202010,01~31,44818534,8887797,3413558,3850403,1693213,2454082,1418611,1744560,896232,1020844,629757
202011,01~10,14113417,2600470,1021728,1042019,672025,896640,590920,540387,231634,338838,192795
202011,01~20,31252979,5648287,2423813,2498275,1260845,1822165,887510,1284706,555862,766734,418545
202011,01~30,45751883,8827529,3538236,3801074,1800933,2597808,978174,1820469,907357,1105166,593563
202012,01~10,16190161,2877605,1188223,1054080,648634,981189,588933,731131,257269,410910,215216
202012,01~20,30745327,5784582,2255489,2111741,1207927,1847128,1266606,1272713,506919,737679,393856
202012,01~31,51332449,9705310,3821773,3419613,2192977,2728538,2725530,2070125,1025333,1174976,601557
202101,01~10,11209293,2356315,775039,665606,410786,798305,830432,390473,176985,262910,125584
202101,01~20,28224491,5182780,2171294,1898391,1211792,1649636,1202698,1091263,486041,673672,369729
202101,01~31,48006974,8908101,3635859,3815566,1910154,2384452,3460434,1738840,898908,1063384,591156
202102,01~10,17967017,3073222,1332212,1243780,1023734,846432,702866,791837,292985,427601,254635
202102,01~20,30342975,5747254,2329915,1934345,1641150,1380929,1012462,1231535,591852,723318,401549
202102,01~28,44706907,8556779,3539787,3373564,2428358,1845075,1450678,1738988,967756,1016984,563550
202103,01~10,16303946,2993422,1214781,1007727,863493,658774,527614,687766,305361,366949,231574
202103,01~20,33843994,5977145,2597277,2487603,1710051,1321320,1516982,1379885,629972,769600,437957
202103,01~31,53690914,9711666,4153911,4201058,2783163,1912330,2312452,2095282,1193894,1162624,706532
202104,01~10,14896402,2574540,1167799,1061151,736992,739550,324956,625282,249528,333221,213984
202104,01~20,31026874,5485499,2484108,2227183,1777454,1381318,996645,1196512,564693,666973,451929
202104,01~30,51225991,9516174,4184319,3975318,2974647,2062663,1158623,1953874,1050254,1077834,730147
202105,01~10,12471926,2525855,976568,753012,660132,633290,411252,444524,200658,256746,213330
202105,01~20,31111855,5822198,2572691,1893730,1824014,1321484,926168,1162251,665362,638021,488115
202105,01~31,50725161,10260720,4231339,3322196,3127999,1917326,1314529,1755162,1220535,1026777,746839
202106,01~10,17261364,3140821,1460734,968885,965297,683575,547942,698710,311507,378237,261754
202106,01~20,32368528,6235696,2746054,2092876,1888880,1282311,858568,1211648,635716,683993,454139
202106,01~30,54778905,11359169,4563557,3846118,3066694,1930454,1896918,1886444,1386692,1103699,724713
202107,01~10,15067806,2619000,1209648,1092703,1099649,639536,267774,595577,241785,322449,269626
202107,01~20,32522073,5884166,2741510,2338078,2248605,1305580,1098560,1153996,586447,651759,498422
202107,01~31,55461518,11203191,4620559,3888586,3670499,2009290,1908411,1927077,1415236,1073653,788392
202108,01~10,12734452,3151710,984594,144604,812227,685101,38861,311841,293283,287014,136581
202108,01~20,32173134,6779227,2745588,1446639,2022249,1423565,584756,949478,757790,683943,413760
202108,01~31,53165104,11898826,4454150,2863877,3122421,2207421,1600931,1518929,1581329,1119960,671436
202109,01~10,19481599,3226675,1643375,1299853,1508224,807625,402027,723777,394277,485685,275196
202109,01~20,36114119,6664492,3082515,2373097,2507533,1642039,508107,1273779,838393,829258,478374
202109,01~30,55913862,12375886,4754873,3395841,3627056,2405181,977972,1779617,1797734,1238141,683852
202110,01~10,14781281,2803547,1256123,896794,1323028,753526,287949,444218,251934,323184,203224
202110,01~20,34296898,6393621,2900758,2007633,2616675,1525835,1409225,1052915,611389,746403,468444
202110,01~31,55660373,11387012,4612785,3655070,4143569,2248571,1485588,1726050,1385185,1188546,727345
202111,01~10,18219156,3776683,1424842,1106809,1206221,806806,232072,578255,386882,426606,261800
202111,01~20,39801144,7480706,3033013,2450609,2647477,1720707,3127359,1199654,840989,831894,505503
202111,01~30,60330542,12251805,4728572,3926337,4033437,2429169,3477774,1770837,1680779,1233398,745999
202112,01~10,19462154,3638412,1599332,988398,1237783,885480,466928,715364,397990,442283,254172
202112,01~20,36887008,7371529,3138526,2024498,2294546,1610635,761347,1254424,881446,812255,467046
202112,01~31,60734117,13014460,5138997,4053649,3923110,2303341,1339967,2038539,1543449,1242750,735376
202201,01~10,13982440,2903640,1149117,839781,1010409,390920,320332,503068,209528,339711,318329
202201,01~20,34553673,6712707,3021347,2327894,2359567,983621,469446,1233100,743590,755546,754397
202201,01~31,55455376,11015776,5059390,3924053,3724347,1663907,724661,1974136,1527729,1153749,1176873
202202,01~10,15747782,3298815,1262209,652796,1358897,472113,457935,512231,377410,347243,332477
202202,01~20,34336310,6775940,2707761,2144345,2678587,1136511,1071617,1098310,924084,749930,693226
202202,01~28,54155835,10545025,4664288,3631862,4209060,1664385,1704024,1726005,1628901,1145870,1040601
202203,01~10,18838928,3846212,1549276,725828,1847642,586415,252389,711200,466478,409512,375851
202203,01~20,37467375,7819558,3000057,2036335,3283270,1427183,695294,1252943,1029633,795453,711120
202203,01~31,63786835,13297573,5075646,3782908,5552821,2241883,1454394,2111612,1875292,1312612,1176426
202204,01~10,15355040,2940567,1221736,921303,1495364,663130,260795,472646,304931,308573,298860
202204,01~20,36368152,6741747,3128435,2203448,3354034,1233298,661110,1241963,754573,706232,715695
202204,01~30,57842816,11000265,5065473,4191342,5201649,1832280,951101,1888966,1804001,1077163,1062869
202205,01~10,16107911,2798281,1233404,596003,2435632,460916,395873,505821,337123,295649,311456
202205,01~20,38645593,6607586,3216328,2223613,4541567,1039777,1189502,1258155,976701,707851,700474
202205,01~31,61591326,11716680,5144964,3908749,6560055,1492113,1924034,1894156,1800048,1082068,1065338
202206,01~10,15083505,3165137,1213786,623559,1920452,495399,388233,494981,286224,271072,214921
202206,01~20,31251473,6356781,2574703,1600389,3673718,984612,704234,1032905,559901,572428,462233
202206,01~30,57679934,12584790,4794575,3726499,5613644,1658342,1210207,1837424,1694572,995090,783308
202207,01~10,15568067,2891700,1180478,1157183,1991588,609376,379583,509770,207073,256298,196327
202207,01~20,36845479,6657292,2870562,2684688,4440259,1145973,1117396,1274750,515256,634493,458347
202207,01~31,60241774,11486116,4687672,4907226,6428872,1687164,2476499,1977865,1203497,1008347,709011
202208,01~10,15608383,2990284,1245951,420925,2213856,563974,76083,399339,238223,314139,255219
202208,01~20,33355057,6271259,2725596,1763247,4252366,1073360,668009,1028350,510464,674654,452180
202208,01~31,56605950,11067131,4577755,3954946,6671348,1601817,1134136,1747597,1257613,1103321,750592
202209,01~10,16130192,3481612,1026160,1062287,1616585,615336,142659,608979,311354,352036,175381
202209,01~20,32755635,6898313,2100043,2189756,3329216,1216095,667477,1116733,624220,704912,389021
202209,01~30,57176300,11772503,3964009,4574495,5292847,1918478,1158512,1955883,1507736,1233422,640647
202210,01~10,11784731,2226543,795605,944714,1049593,595140,508150,380814,159490,289542,142319
202210,01~20,32352884,5572560,2388769,2647824,3121861,1287675,990900,1155271,426782,710984,386425
202210,01~31,52428092,9515297,4014704,4716609,4500682,1971231,1343085,1793371,1008583,1128689,565207
202211,01~10,17673191,2760437,1272157,1456382,1964244,700334,384302,673774,282976,355502,197671
202211,01~20,33073391,5284029,2467521,3131728,3041060,1365563,895494,1184300,485965,647964,342231
202211,01~30,51771855,8743404,4189712,5160253,4854931,1940223,1059596,1788629,951549,999407,497155
202212,01~10,15292360,2633211,989605,1398933,1439234,472928,491887,548660,219805,319847,143440
202212,01~20,33526222,5585861,2569383,2932268,2854999,905767,983783,1210756,498168,719023,357131
202212,01~31,54848666,9401737,4084832,5201391,4708403,1338272,2448538,1920387,1117778,1094999,528852
202301,01~10,13886115,2047010,1003783,1273254,1308812,560338,353774,509294,186809,299272,158135
202301,01~20,33668056,4427339,2665599,3389523,2882038,1150042,1015508,1308750,409780,679296,395974
202301,01~31,46339145,6236188,3844257,4796499,4253006,1479275,1397147,1676651,605545,892949,540195
202302,01~10,17572590,1957190,1367473,1739292,1737184,432332,475796,725182,205089,345676,222948
202302,01~20,33332355,3803005,2690650,3355625,3073809,851246,1307243,1344975,411062,630337,429479
202302,01~28,49994593,6167225,4228524,5369418,4639290,1144405,1482106,1955291,635158,934625,632437
202303,01~10,15637051,2259206,1323991,1694810,1422304,399369,155911,626160,192261,310940,207223
202303,01~20,30696039,4323297,2595414,3448594,2856549,844768,270295,1194742,402919,588485,386664
202303,01~31,54882484,8796319,4510763,6251042,4523433,1337645,985497,1991874,815049,1016612,650394
202304,01~10,13521988,1769026,1031292,1511785,1192991,405876,631396,503252,141998,226753,161414
202304,01~20,32252925,4089065,2711356,3481387,2452238,919598,1335039,1238700,359003,576752,416482
202304,01~30,49430879,6537687,4247108,5906031,3703130,1359188,1546174,1856093,559462,861199,615905
202305,01~10,14433318,1974307,1169887,1342220,1418268,466314,200479,545220,296587,265564,201327
202305,01~20,32272483,4257659,2961393,3431893,2941973,1031151,461804,1220186,514521,560059,442653
202305,01~31,52054195,7550349,4700526,5974136,4285583,1497770,937981,1876797,786864,881624,656478
202306,01~10,15298064,2178188,1113922,1478929,1250739,523711,1064070,578387,222252,264535,169089
202306,01~20,32936268,4861976,2579252,3363760,2381625,977568,1800388,1186913,478353,555330,468620
202306,01~30,54297754,9057613,4632836,5988307,3380451,1381129,2431547,1916500,825165,911013,717105
202307,01~10,13258526,1827212,1008140,1448399,1020014,444313,605949,523564,291553,240046,171420
202307,01~20,31275665,4303084,2426893,3430773,2387796,987246,1036848,1258253,601739,583609,452156
202307,01~31,50457776,7603652,4099313,5678889,3908575,1656773,1601409,1974101,821915,903234,753441
202308,01~10,13259501,2449188,963784,534281,1463558,540183,177898,385180,187765,274073,206792
202308,01~20,27939623,4721096,2162935,2117415,2620608,1136161,997890,936922,340080,515584,389593
202308,01~31,51994074,8721670,4052257,5066248,4493760,1814156,1500919,1834908,630401,969486,726495
202309,01~10,14906293,2500647,1063808,1403510,1436560,650003,219946,516292,166586,293633,200920
202309,01~20,35968700,5928978,2628876,3262194,2997891,1262291,1152242,1301054,435260,684846,528487
202309,01~30,54650691,10058864,3997324,4986770,4948551,1878436,1276528,1880018,741108,1021259,754352
202310,01~10,11495533,2106581,735482,1078963,1480258,570755,247196,323670,182058,217387,153392
202310,01~20,33739771,5215242,2372323,3298181,3503786,1366428,1617219,1045964,440823,622777,447645
202310,01~31,54989950,9061404,3809956,5705540,5212322,2148541,2751456,1701366,722284,985390,696316
202311,01~10,18129507,2795594,1198697,1997799,1715690,728765,126280,629858,233160,406379,230047
202311,01~20,33647826,5410257,2234803,3761958,2959778,1366981,635189,1140622,425130,684662,428872
202311,01~30,55561090,9688869,3845882,6341506,4529005,1970203,1380822,1841477,713520,1061265,716326
202312,01~10,15633586,2527469,986926,1583328,1350959,557667,1105233,463633,195464,308368,171480
202312,01~20,37729966,6656218,2498976,3739452,3088796,1009384,2466779,1142842,451133,706849,469200
202312,01~31,57573193,11192340,3861379,6196407,4514938,1325633,3523654,1712154,791998,1001780,636298
202401,01~10,15422243,2571669,1063288,1297173,1604041,437098,993895,508896,217458,292047,161935
202401,01~20,33319854,5297202,2467132,3472991,2904876,871535,1919785,1099700,509244,598458,427317
202401,01~31,54709823,9529970,4038358,5985821,4835458,1262803,2457555,1830200,804623,961706,734908
202402,01~10,14757600,2782701,1041104,1108032,1398748,374575,58628,628455,203335,260804,224325
202402,01~20,30436349,5286142,2233463,2570010,2902843,772717,848631,1122644,404455,513025,456453
202402,01~29,52076390,10051003,3855480,4926226,4472387,1252575,1645263,1880966,749509,865522,716519
202403,01~10,13481826,2750362,915141,1135906,1010248,387940,787437,472652,204456,233812,179889
202403,01~20,34008930,6335694,2556703,3181426,2842956,845137,1237534,1257285,535580,586117,461653
202403,01~31,56518309,11828220,4088495,5895260,4684902,1302894,2010119,1843098,1023607,913231,737465
202404,01~10,16351815,2572297,1247392,1640356,1359830,448641,81586,640044,259251,307619,276639
202404,01~20,35745087,5845510,2644750,3925128,2825625,919798,1114562,1226422,574259,609527,534008
202404,01~30,56148299,10098828,4043924,6571649,4367812,1319708,1595345,1865845,896911,942337,807984
202405,01~10,16844225,3000345,1297926,1461719,1571089,514744,686723,531534,362018,325464,226564
202405,01~20,32744481,6194388,2404996,3288392,2924832,937923,1281921,1008812,642059,535755,441752
202405,01~31,58020557,11548564,4187795,6292123,4555694,1557773,2048236,1749614,1183022,956457,747199
202406,01~10,14683823,2974252,980464,1199200,1395778,518259,725916,432335,186584,225111,202936
202406,01~20,35696916,7274456,2451977,3349374,2567126,1074610,1066905,1160835,588047,566999,480657
202406,01~30,57341634,13617989,3802935,6018509,3721189,1570229,1412705,1685582,1286149,865675,717811
202407,01~10,17723084,3392657,1245727,1589141,1424865,476568,378636,686209,250712,271316,252465
202407,01~20,36881422,6774622,2642261,3491826,3050268,973634,527921,1271812,667075,563224,506242
202407,01~31,57458788,11413079,4164877,5168203,4521513,1489947,988217,1995921,1340198,872338,802783
202408,01~10,15369466,3478623,1063847,875451,1517540,542079,619461,403559,300838,244633,216615
202408,01~20,33003156,6726551,2286044,2278060,2863981,1125303,1790615,1029232,670859,513996,390489
202408,01~31,57642924,12061638,4035867,4876018,4416588,1784600,2730852,1775009,1640029,914610,675842
202409,01~10,18470294,3469509,1271192,1582684,1487601,634417,579392,643234,314928,326225,222775
202409,01~20,35354624,7472921,2362523,2975256,2804007,1210188,1029714,1127614,763757,610698,400679
202409,01~30,58544693,13751072,3908378,5302123,4038055,1750910,2237197,1742391,1681512,988484,601200
202410,01~10,15298567,3064714,1070140,1380222,1142189,515318,907010,512435,197305,264330,187531
202410,01~20,32711578,7097664,2238009,3184806,2112065,1070089,1359068,1024100,509724,548267,367237
202410,01~31,57500192,12670057,4074297,6004017,3434887,1691457,1958620,1814224,1095272,981203,653883
202411,01~10,14872900,3279955,1009766,1326421,1152318,590161,601506,454584,253148,259190,160786
202411,01~20,35559900,7711150,2480112,3096549,2656318,1199964,1128325,1136715,737302,594781,355286
202411,01~30,56288629,12578985,3872988,5449951,3694379,1638511,2435682,1694134,1490034,932883,566892
202412,01~10,17541285,3613270,1175688,1444340,1229316,505990,1083986,570762,291192,296492,196808
202412,01~20,40285842,8211201,2787902,3726732,2661446,1028518,1867912,1240474,809087,700002,477061
202412,01~31,61359250,14619210,4093382,5833631,4000311,1319215,2981019,1803834,1639594,976061,606962
202501,01~10,15918926,3183772,1200349,1352570,883329,335369,1056787,474471,203270,272982,200275
202501,01~20,31633210,6307186,2388604,3213179,2092175,707985,1621617,985609,456252,518310,404078
202501,01~31,49176984,10218918,3731804,4828883,3480879,1008827,2396385,1515262,931936,756434,564601
202502,01~10,14811188,2832428,947107,1384207,1086454,446569,934921,457219,242978,270530,149065
202502,01~20,35228231,6455746,2486991,3604913,2624725,839548,1058665,1223908,585809,648037,388397
202502,01~28,52292301,9795611,3778184,5848945,3908568,1145297,1472970,1808863,963189,934408,603499
202503,01~10,13798090,2750586,833473,1205666,987011,451641,1222229,436837,173185,216006,146652
202503,01~20,35436582,7070184,2274120,3297757,2114983,946188,2227638,1182877,603470,583409,355099
202503,01~31,58064562,13196760,3874596,6011597,3324448,1392090,3062292,1793278,1348200,900999,567422
202504,01~10,18444823,3394493,1298966,1830140,1264689,490722,643529,706082,222733,323956,214993
202504,01~20,33718845,6471961,2404359,3662348,2146809,914781,1008645,1203792,440859,573607,374316
202504,01~30,58035745,11803393,4360393,6298092,3696099,1402528,1845260,1963757,829446,942102,659422
202505,01~10,12824191,3417924,761170,1121561,995574,396598,632597,304651,236742,198223,119640
202505,01~20,31953120,7265549,2115130,3077966,2212067,881997,1289371,901198,604528,520396,353986
202505,01~31,57261063,13929723,3789307,5939575,3646694,1388196,2166226,1602541,1244659,861826,591566
202506,01~10,15400571,3619434,945477,1294923,1146079,294700,892638,484126,258238,227935,141520
202506,01~20,38659030,8846348,2484227,3653575,2644141,718611,1583188,1221088,779684,586333,354543
202506,01~30,59833797,15138595,3694192,5995652,3785438,981636,2332840,1715525,1459274,889037,544959
202507,01~10,19385119,3824839,1296503,1796507,1427336,407667,881731,699035,283786,294732,202251
202507,01~20,36058354,7880336,2382438,3626578,2557351,805963,1432700,1163635,614378,527081,400268
202507,01~31,60724322,14900808,4188696,5492658,4271110,1356219,2115617,1825083,1112993,893140,702744
202508,01~10,14646230,3896567,863210,948921,1208499,517507,1125793,350911,245274,222673,124222
202508,01~20,35394043,8712461,2180914,2769818,2710881,995037,2313910,996067,665826,522878,317711
202508,01~31,58259332,15299467,3560149,5212759,4173194,1588463,2978223,1582444,1373278,874037,514282
202509,01~10,19154390,4453532,1235279,1552382,1191055,597549,896530,655774,328598,358328,198831
202509,01~20,40050000,9495449,2511412,3418359,2714051,1250165,1501289,1209270,810182,683501,405054
202509,01~30,65904118,16793796,4010790,6042273,4241471,1843236,2770339,1826428,1451348,1070757,628772
202510,01~10,12925797,4502158,726572,664405,1207142,366146,787768,260805,163100,152855,89146
202510,01~20,30003320,8532873,1814795,2383057,2346221,880195,1516205,701779,464097,416475,267555
202510,01~31,59511578,15861970,3497302,5246367,3871514,1544872,4621065,1432872,1133567,845434,511663
202511,01~10,15794269,3857254,863811,1541069,1002173,465312,655543,421667,309735,245204,147176
202511,01~20,38419340,9752081,2249573,3803397,2150055,1022831,1158010,1043984,851386,614705,338673
202511,01~30,60752618,17442597,3480452,6043663,3313953,1538658,1726991,1477229,1530127,925587,495173
202512,01~10,20539795,5271795,1198581,1358660,1489405,632941,562190,575305,481667,361743,184333
202512,01~20,42971602,11645487,2572088,3250935,2593436,1211443,1460197,1176743,1203954,756296,399382
202512,01~31,69513624,20917832,4021349,5587815,4216318,1636225,2890840,1730319,2179775,1079049,557783
202601,01~10,15572268,4636494,977224,1017258,1020391,450083,918516,381916,256207,239475,99953
202601,01~20,36349236,10731563,2415997,2862944,2486051,1044521,1324470,869105,641210,524068,277187
202601,01~31,65842410,20687641,4071480,5743786,3796710,1913471,2360600,1541621,1696480,884574,561024
202602,01~10,21398553,6728639,1226646,1347365,1557043,570604,665638,519787,462055,293655,202604
202602,01~20,43606354,15110567,2532417,2643487,3046047,1030904,1301485,971227,1342466,525855,372664
202602,01~28,67558449,25253891,3679288,4503254,4047771,1403487,2145153,1368415,2731406,774607,526408
202603,01~10,21971525,7588184,1088699,1371618,1904894,454120,465459,489398,815034,267097,167446
202603,01~20,54199698,18657127,2765934,3659639,4052630,1068240,2143259,1183235,2226017,613300,397366
202603,01~31,87211190,32973533,4108287,6078866,6172111,1573470,3413489,1695483,3602079,942353,620164
202604,01~10,25188232,8572675,1446980,1707398,1749633,568762,814998,654329,523284,318035,159062
202604,01~20,50362882,18285576,2609328,3143602,3196553,1024608,1772918,1097855,2199637,545535,311976
202604,01~30,85867478,32040024,4334772,5845990,5152142,1479271,2765275,1796681,4241060,922387,537950
202605,01~10,18434431,8539241,736926,830302,1019729,422015,261882,291676,1143020,171179,108110
202605,01~20,52651782,21951053,2417986,2766765,3236577,984282,1419962,951364,2451470,532478,331705
202605,01~31,87746912,37285276,4043387,5492695,5286793,1504035,2508596,1538082,4348723,839246,580402